ID,Pred
1,0.9163331
2,0.020550191
3,0.26676303
4,0.9999931
5,0.43638778
6,0.18797716
7,0.33357063
8,0.07408586
9,0.5583844
10,0.031691343
11,0.73581886
12,0.041813523
13,0.31039247
14,0.9164194
15,0.000100225
16,0.27935225
17,0.15530056
18,0.2975199
19,0.93719655
20,0.018679589
21,0.3857991
22,0.9993571
23,0.46228325
24,0.998518
25,0.28961682
26,0.36002344
27,0.9897517
28,0.6522241
29,0.28783214
30,0.9655493
31,0.9918559
32,0.17474443
33,0.004530251
34,0.000571042
35,0.9846121
36,0.5430958
37,0.018283755
38,0.97011864
39,0.96254516
40,0.5916046
41,0.165209
42,0.81872344
43,0.9940968
44,0.99379635
45,0.9999454
46,0.99788713
47,0.8092671
48,0.99677074
49,0.2886305
50,0.68893915
51,0.019286841
52,0.007525623
53,0.8400024
54,0.039209336
55,0.9864566
56,0.9998554
57,0.006653726
58,0.015082538
59,0.33012247
60,0.027677089
61,0.93250585
62,0.7442075
63,0.25381607
64,0.6016221
65,0.94405544
66,0.5603347
67,0.8104696
68,0.63738745
69,0.89011514
70,0.98803294
71,0.14696348
72,0.2168642
73,0.99999976
74,0.9602406
75,0.120969236
76,0.9986898
77,3.90E-05
78,0.92586225
79,0.05044064
80,0.004396439
81,0.7358316
82,0.9878759
83,0.5849538
84,0.8002819
85,0.99887073
86,0.9982271
87,0.9822132
88,0.87900305
89,0.012548596
90,0.5421592
91,0.99862516
92,0.9985708
93,0.9752277
94,0.15119395
95,0.6099377
96,0.9612121
97,0.09702352
98,0.34856898
99,0.9832486
100,0.84409165
101,0.9825083
102,0.04350233
103,0.9976309
104,0.5960599
105,0.14653924
106,0.9742047
107,0.99993145
108,0.012645811
109,0.003532141
110,0.002563238
111,0.9713945
112,0.99968976
113,0.013765276
114,0.06968039
115,0.9999987
116,0.33158022
117,0.99985063
118,0.5692694
119,0.8281317
120,0.019575685
121,0.9992523
122,0.021754771
123,0.004852057
124,0.44373208
125,0.09738308
126,0.4287555
127,0.99761415
128,0.93841994
129,0.7486885
130,0.3394402
131,0.9990252
132,0.2507379
133,0.97036505
134,0.8719902
135,0.629641
136,0.3145132
137,0.6942557
138,0.9190451
139,0.926799
140,0.99089825
141,0.012147337
142,0.8317115
143,0.53635657
144,0.9801806
145,0.11733049
146,2.98E-07
147,0.37383223
148,0.79303813
149,0.16450712
150,0.8896511
151,0.23751163
152,0.20827326
153,0.06277332
154,0.039990485
155,0.824119
156,0.36493328
157,0.00017184
158,0.23379284
159,0.42623883
160,0.01077649
161,0.8390876
162,0.32658178
163,0.000371754
164,0.796755
165,0.075433016
166,0.008402258
167,0.9999292
168,0.9988029
169,0.24069491
170,0.96700305
171,0.99286616
172,0.55670696
173,0.9925474
174,0.80708873
175,0.99975705
176,0.94388306
177,0.000290751
178,0.000517428
179,0.15287662
180,0.91326815
181,0.99897563
182,0.437789
183,0.001928866
184,0.99824154
185,0.86778283
186,0.6880439
187,0.08360174
188,0.8038151
189,0.013238996
190,0.97978485
191,0.23988509
192,0.08189279
193,0.63180894
194,0.87778425
195,0.07253283
196,0.17029354
197,0.99805856
198,0.9948021
199,0.99386954
200,0.99536026
201,0.06832683
202,0.042471707
203,0.003854662
204,0.070097
205,0.34859115
206,0.18090877
207,0.7337981
208,0.998991
209,0.22218648
210,0.005282044
211,0.9783108
212,0.73479086
213,0.8782076
214,0.81556076
215,0.57515985
216,0.44565
217,0.91532004
218,0.7438816
219,0.053450316
220,0.38145953
221,0.45185125
222,0.07770419
223,0.99360263
224,0.999024
225,0.99954826
226,0.007519752
227,0.9568636
228,0.8938556
229,0.9999999
230,0.9264581
231,0.9907341
232,0.57586014
233,0.97628415
234,0.29621568
235,0.8332956
236,0.51027
237,0.99708617
238,0.90689254
239,1
240,0.008768201
241,0.9695957
242,0.36576027
243,0.5174531
244,0.24921563
245,0.040219486
246,2.09E-06
247,0.32842344
248,0.53207886
249,0.35024104
250,0.99527967
251,0.99120337
252,0.97288513
253,0.906677
254,0.50611365
255,0.36844993
256,0.55315304
257,0.99784666
258,0.00647983
259,0.9721822
260,0.661456
261,0.07077107
262,0.9999969
263,0.9377488
264,0.79059803
265,0.08194801
266,0.10810003
267,0.99898916
268,0.1332823
269,0.99939585
270,0.8346553
271,0.96199906
272,0.9972713
273,0.9484707
274,0.1944834
275,0.026580185
276,0.06828433
277,0.39718786
278,0.22696057
279,0.7303158
280,0.81238973
281,0.9581684
282,0.9876979
283,0.43683663
284,0.59245825
285,0.89963686
286,0.96162367
287,0.98514795
288,0.82877564
289,0.27442968
290,0.9997256
291,0.000871509
292,0.33265382
293,0.7500197
294,0.10773599
295,0.9999905
296,0.9101896
297,0.15477443
298,0.22950718
299,0.009964734
300,0.92961967
301,0.27168837
302,0.17011595
303,0.5084088
304,0.98513114
305,0.4855732
306,0.50741273
307,0.16033459
308,0.9988694
309,0.10941118
310,0.9999802
311,0.9984015
312,0.9999959
313,0.003395617
314,0.8091878
315,0.011823237
316,0.98563796
317,1.34E-05
318,0.32354772
319,0.18358952
320,0.88930994
321,0.16441658
322,0.028220326
323,0.9631351
324,0.21374002
325,0.94700325
326,0.93152475
327,0.90761024
328,0.74419785
329,0.99896216
330,0.81642735
331,0.43208584
332,0.45371082
333,0.9308327
334,0.87053466
335,0.4696157
336,0.99993753
337,0.99218035
338,0.9696419
339,0.99987847
340,0.95514655
341,0.29801166
342,0.2760083
343,0.011509299
344,0.074696064
345,0.9745615
346,0.90391946
347,0.59602755
348,0.9995738
349,0.000823706
350,0.30284297
351,0.29184264
352,0.8356062
353,0.99949026
354,0.98563844
355,0.9964274
356,0.9564148
357,0.39987162
358,0.94540495
359,0.17332831
360,0.999784
361,0.99899936
362,0.6482211
363,0.3105185
364,0.9121298
365,0.017534077
366,0.27614838
367,0.08293891
368,0.57956225
369,0.123362035
370,0.07272473
371,0.3419875
372,0.002350837
373,0.88363653
374,0.99483
375,0.99937785
376,0.9915756
377,0.07976869
378,0.6131158
379,0.9986274
380,0.8782079
381,0.2674716
382,0.8881993
383,0.020852566
384,0.43330416
385,0.96555084
386,0.7442438
387,0.41579875
388,0.99166316
389,0.9546068
390,0.002910197
391,0.93566126
392,0.43734208
393,0.000829965
394,0.72414327
395,0.81127393
396,0.8648783
397,0.99949634
398,0.991519
399,0.9978477
400,0.9853252
401,0.9998677
402,0.9760481
403,0.10894859
404,0.7186748
405,0.62670934
406,0.005622864
407,0.00261122
408,0.27126274
409,0.6459795
410,0.049850106
411,0.99731106
412,0.15352571
413,0.003599554
414,0.47155848
415,0.9182503
416,0.055443168
417,0.014527291
418,0.3899199
419,0.29393315
420,0.9999994
421,0.32123676
422,0.002701879
423,0.81541526
424,0.34352648
425,0.040932298
426,0.010340512
427,0.98974824
428,0.91686463
429,0.99301934
430,0.56281304
431,0.81545323
432,0.06316462
433,0.5706997
434,0.6523185
435,0.9743098
436,0.7112663
437,0.020986795
438,1.49E-07
439,0.01226905
440,0.54739195
441,0.84028625
442,0.62537754
443,0.5691681
444,0.28621516
445,0.71967435
446,0.13493818
447,0.98348784
448,0.98240155
449,0.81355864
450,0.165773
451,0.40252793
452,0.12537673
453,0.07761556
454,0.002148032
455,0.7838897
456,0.092401326
457,0.3608058
458,0.25696933
459,0.068214506
460,0.52200264
461,0.092032075
462,0.000647247
463,0.001318008
464,0.10503021
465,0.9998863
466,0.7488307
467,0.9947481
468,0.022958905
469,0.96907336
470,0.9993317
471,0.9988313
472,0.99973834
473,0.92172253
474,0.81865233
475,0.2540601
476,0.000644416
477,0.6265578
478,0.000259638
479,0.9987174
480,5.68E-05
481,0.94650567
482,0.9999998
483,0.8903447
484,0.055075765
485,0.99999976
486,0.5875966
487,0.7863369
488,0.9998137
489,0.97193146
490,0.12803397
491,0.8565912
492,0.18961602
493,0.6747016
494,0.696046
495,0.000970066
496,0.9992991
497,0.95496416
498,0.9506917
499,0.71265745
500,0.97430533
501,0.5540154
502,0.97454304
503,0.63120824
504,0.06997159
505,0.9832108
506,0.034949332
507,0.30807686
508,0.8509176
509,0.3255028
510,0.9337547
511,0.18869069
512,0.9999968
513,0.98277754
514,0.05945486
515,0.8317671
516,0.99991465
517,0.9901644
518,0.99134266
519,0.4426217
520,0.30506706
521,0.9955983
522,0.3461058
523,0.101510674
524,0.95686173
525,0.028516352
526,0.027515411
527,0.7602673
528,0.17436025
529,0.2071405
530,0.36105388
531,0.002854914
532,0.8971931
533,0.2523844
534,0.32513028
535,0.7058469
536,0.99972856
537,0.009885162
538,0.29590917
539,0.09915221
540,0.9886259
541,0.10841668
542,0.9938664
543,0.8756138
544,0.108525455
545,0.35212865
546,0.32503182
547,0.13456899
548,0.07175264
549,0.28514534
550,0.4434463
551,0.97856
552,0.62359405
553,0.021444172
554,0.5754585
555,0.016132772
556,0.21396777
557,0.94717366
558,0.9980875
559,0.00113076
560,0.03389609
561,0.28109515
562,0.9999999
563,0.70502615
564,0.6886665
565,0.8695071
566,0.9991766
567,0.974952
568,0.676731
569,0.99999565
570,0.24997115
571,0.5268002
572,0.84917814
573,0.45106873
574,0.9990747
575,0.26183942
576,0.24940124
577,0.77558315
578,0.84678054
579,0.21040547
580,0.20961145
581,0.9997256
582,0.18096691
583,0.09538448
584,0.759401
585,0.9999782
586,0.28312114
587,0.006783694
588,0.041198313
589,0.7159912
590,0.004247665
591,0.012095809
592,0.7239441
593,0.10372344
594,0.523518
595,0.034475774
596,0.9536631
597,0.99999964
598,0.7096527
599,0.08852565
600,0.10418603
601,0.1648671
602,0.6059279
603,0.95589256
604,0.17271936
605,0.9586151
606,0.000380695
607,0.23487869
608,0.552515
609,0.9901469
610,0.9996877
611,0.32006454
612,0.99978167
613,0.5480427
614,0.99592185
615,0.9435109
616,0.017716378
617,0.4781778
618,0.66260576
619,0.7075701
620,0.99995106
621,0.4909249
622,0.97927547
623,0.30108762
624,0.70577353
625,0.01955983
626,0.004008472
627,0.009028167
628,0.83273035
629,0.96520185
630,0.015258253
631,0.80742615
632,0.9967281
633,0.9994874
634,0.8798299
635,0.9997257
636,0.99658906
637,0.025075018
638,0.49197835
639,0.49641106
640,0.999928
641,0.023894817
642,0.02246508
643,0.9801309
644,0.98422164
645,0.000121564
646,0.94635946
647,0.33300757
648,0.19025528
649,0.9996873
650,0.20575985
651,0.018251002
652,0.000625044
653,0.2196306
654,0.29561692
655,0.20462283
656,0.4000013
657,0.83691084
658,0.6766638
659,0.90241855
660,0.98740137
661,0.81258374
662,0.9699106
663,0.40815163
664,0.36343065
665,0.9213568
666,0.20503417
667,0.9965707
668,0.18940535
669,0.7442064
670,0.93293434
671,0.974752
672,0.23552984
673,0.01782605
674,0.69292396
675,0.8514708
676,0.3120736
677,0.9980478
678,0.97523665
679,0.027287304
680,0.08548519
681,3.40E-06
682,0.6557858
683,0.000165164
684,0.26469487
685,0.06453222
686,0.007857591
687,0.6321814
688,0.9989114
689,0.30391377
690,0.8509414
691,0.97102
692,0.041705072
693,0.99942493
694,0.11970246
695,0.0784792
696,0.9927636
697,0.9896204
698,0.001432478
699,2.98E-08
700,0.2113787
701,0.8002585
702,0.98910755
703,0.99727726
704,0.8846344
705,0.0954178
706,0.8224164
707,0.99540997
708,0.46460286
709,0.43973026
710,0.9000212
711,0.075621784
712,0.9890548
713,0.70868945
714,0.96762633
715,0.012832046
716,0.99830693
717,0.96126974
718,0.13756913
719,0.99989784
720,0.9999999
721,0.24277791
722,0.92485744
723,0.22588545
724,1
725,0.082122624
726,0.9837783
727,0.4144537
728,0.20131725
729,0.9384886
730,0.002595931
731,0.07526186
732,0.8545018
733,0.89309704
734,0.007081747
735,0.8798022
736,0.5636526
737,0.007737011
738,0.3297634
739,0.9617697
740,0.69814676
741,0.015335798
742,0.46889257
743,0.99938965
744,0.7060424
745,0.1605134
746,0.93917084
747,0.60089993
748,0.9871019
749,0.000152707
750,0.48211375
751,0.76291203
752,0.6576714
753,0.44821194
754,0.004834443
755,0.048743606
756,0.27583843
757,0.59902936
758,0.09143144
759,0.9550748
760,0.20921806
761,0.9970347
762,0.88861215
763,0.012074053
764,0.4572206
765,0.41741183
766,0.00116691
767,0.1888605
768,0.5822539
769,0.3047662
770,0.5714598
771,0.8741775
772,0.04586661
773,0.2564454
774,0.22652063
775,0.673736
776,0.89581823
777,0.25113183
778,0.9691434
779,0.047067493
780,0.49717653
781,0.7727402
782,0.1967422
783,0.7011176
784,0.60225636
785,0.14328134
786,0.000325561
787,0.19587561
788,0.99341136
789,0.018969625
790,0.9888133
791,0.26618993
792,0.98311234
793,0.101070076
794,0.16421506
795,0.07307139
796,0.11930239
797,0.99841976
798,0.99026316
799,0.07825154
800,0.07580447
801,0.93139577
802,0.73435664
803,0.9209546
804,0.006630987
805,0.9164264
806,0.9991847
807,0.9999969
808,0.8679762
809,0.8579701
810,0.99496436
811,0.06859511
812,1.19E-07
813,0.27968752
814,0.001420796
815,0.027599782
816,0.41623122
817,0.6536585
818,0.9585297
819,0.2899911
820,0.96129245
821,0.8089334
822,0.9928515
823,0.9258077
824,0.12528893
825,0.68281835
826,0.49515817
827,0.945801
828,0.006632358
829,0.003016293
830,0.9695295
831,0.078219324
832,0.99999475
833,0.94893324
834,0.006964088
835,0.97092813
836,0.9993787
837,0.14243674
838,0.97841203
839,0.24816394
840,0.24223614
841,0.34453505
842,0.998477
843,0.9902941
844,0.45330852
845,0.004168958
846,0.86655164
847,0.9979818
848,0.26926437
849,0.994491
850,0.7088026
851,0.64775246
852,0.64094234
853,0.9725373
854,0.9664682
855,0.9457836
856,0.00238055
857,0.8651426
858,0.48600376
859,0.9999918
860,0.99505705
861,0.8942255
862,0.04820618
863,0.021717072
864,0.88969743
865,0.8660488
866,0.038036168
867,0.002132505
868,0.99291945
869,0.10583198
870,0.94805574
871,0.4432383
872,0.19114909
873,0.011017352
874,0.011979997
875,0.5166689
876,0.99999446
877,0.000181735
878,0.99813116
879,6.80E-05
880,0.96988225
881,0.99931765
882,0.04426995
883,0.93933845
884,0.44694555
885,0.6943677
886,0.9695569
887,0.36470553
888,0.056925803
889,0.5236578
890,0.6767771
891,0.1578413
892,0.9999951
893,0.83152485
894,0.07702756
895,0.10269919
896,0.84478784
897,0.81813765
898,0.3089146
899,0.9879765
900,0.99599683
901,0.005325109
902,0.16939962
903,0.3079965
904,0.998127
905,0.91904235
906,0.95549905
907,0.9999119
908,0.99999857
909,0.98138535
910,0.9360911
911,0.009890199
912,0.99996173
913,0.01852727
914,0.08282521
915,0.14198369
916,0.9307109
917,0.07733309
918,0.08380109
919,0.24070519
920,0.7931979
921,0.9445267
922,0.99841595
923,0.5634873
924,0.99890935
925,0.958897
926,0.36283964
927,0.00366959
928,0.99288833
929,0.29538578
930,0.7577416
931,0.000311106
932,0.38278973
933,0.000216782
934,0.9998324
935,0.99999213
936,0.59557396
937,0.8002801
938,0.8895558
939,0.99996376
940,0.15209779
941,0.07722831
942,0.2635956
943,0.026239932
944,0.01653561
945,0.9850254
946,0.92782176
947,0.9952595
948,0.000956357
949,0.01429674
950,0.81701267
951,0.00073871
952,0.999755
953,0.2969527
954,0.99685955
955,0.67716736
956,0.44971004
957,0.16003814
958,0.018856108
959,0.91845477
960,0.09211922
961,0.22500077
962,0.013731629
963,0.4814315
964,0.14319506
965,0.023980021
966,0.99999493
967,0.016658038
968,0.006821573
969,0.970685
970,0.7541426
971,0.000872225
972,0.46509668
973,0.91034716
974,0.2539517
975,0.002103269
976,0.1061171
977,0.36684525
978,4.52E-05
979,0.91525877
980,0.8092505
981,0.9948859
982,0.9925566
983,0.40185383
984,0.93628407
985,0.98909044
986,0.060812384
987,0.016642958
988,0.018315375
989,0.9914473
990,0.11001748
991,0.074604005
992,0.99958694
993,0.017460436
994,0.021441847
995,0.001597017
996,0.999381
997,0.38617355
998,0.93887144
999,0.24692622
1000,0.004579455
1001,0.99720466
1002,0.44803298
1003,0.115460336
1004,0.8663274
1005,0.07134932
1006,0.9959558
1007,0.000297844
1008,0.54865515
1009,0.09238464
1010,0.78411937
1011,0.11689067
1012,0.6316121
1013,0.001625627
1014,0.9477742
1015,0.99996495
1016,0.9925177
1017,0.14053142
1018,0.03178522
1019,0.000881821
1020,0.14521533
1021,0.9877343
1022,0.96767503
1023,0.9999986
1024,0.32855967
1025,0.95857406
1026,0.9138366
1027,0.41269052
1028,0.99977535
1029,0.043095827
1030,0.8800038
1031,0.9554855
1032,0.6939276
1033,0.096788555
1034,0.9895508
1035,0.8136906
1036,0.000474215
1037,0.6152573
1038,0.115562975
1039,0.9044695
1040,0.99999404
1041,0.9984566
1042,0.31418425
1043,0.63807386
1044,0.99874914
1045,0.04105884
1046,0.38179827
1047,0.06444755
1048,0.26699793
1049,0.00128153
1050,0.9801806
1051,0.9976635
1052,0.22238186
1053,0.48987296
1054,0.514157
1055,0.007864267
1056,0.000350952
1057,0.018544704
1058,0.40244406
1059,0.97465754
1060,0.94611
1061,0.99610543
1062,0
1063,0.9129357
1064,0.004909366
1065,0.68234456
1066,0.41657755
1067,0.78482836
1068,0.3778214
1069,0.9994055
1070,0.52600074
1071,0.983342
1072,0.8272054
1073,0.778422
1074,0.7780877
1075,0.12149593
1076,0.001831979
1077,0.9994333
1078,0.97619283
1079,0.1263305
1080,0.61144024
1081,0.35518384
1082,0.3212936
1083,0.92858624
1084,0.89787036
1085,0.016849637
1086,0.19543317
1087,0.43768147
1088,0.94090396
1089,0.036287665
1090,0.16827783
1091,0.56538963
1092,0.17860627
1093,0.40627337
1094,0.10848561
1095,0.1882402
1096,0.6465846
1097,0.73189014
1098,0.9932897
1099,0.40882418
1100,0.61255467
1101,0.57480067
1102,0.40193963
1103,0.027047396
1104,0.10706857
1105,0.9914461
1106,0.9856104
1107,0.9360403
1108,0.99895406
1109,0.99914354
1110,0.9069868
1111,0.9949485
1112,0.9093412
1113,0.31942773
1114,0.43153864
1115,0.26570934
1116,0.47177622
1117,0.33396232
1118,0.99999905
1119,0.8684396
1120,0.9999696
1121,0.99973303
1122,0.997067
1123,0.6525538
1124,0.6018248
1125,0.12584001
1126,0.000283062
1127,0.95916927
1128,0.6364274
1129,0.006174207
1130,0.98157585
1131,0.24880347
1132,0.9830245
1133,0.03415492
1134,0.7013983
1135,0.079782605
1136,0.9971212
1137,0.66458714
1138,0.4861868
1139,0.006033331
1140,0.88894105
1141,0.000399351
1142,0.9983957
1143,0.27641034
1144,0.99928385
1145,0.029423386
1146,0.6350848
1147,0.15938702
1148,0.008261025
1149,0.9804673
1150,0.16618422
1151,0.037157744
1152,0.95061684
1153,0.9965241
1154,0.6516463
1155,0.9266561
1156,0.89036715
1157,0.9889798
1158,0.09020111
1159,0.9999552
1160,0.72029835
1161,0.987138
1162,0.1627518
1163,0.25210363
1164,0.9317537
1165,0.99892056
1166,0.5613456
1167,0.19388366
1168,0.4379217
1169,2.26E-05
1170,0.16932794
1171,0.23104405
1172,0.9043678
1173,0.00585866
1174,0.7144911
1175,0.11432606
1176,0.9868764
1177,0.9876734
1178,0.15258309
1179,0.506284
1180,0.1965619
1181,0.99517316
1182,0.07439718
1183,0.3613307
1184,0.36246845
1185,0.000309169
1186,0.005215675
1187,0.99685574
1188,0.1546795
1189,0.012588739
1190,0.46376976
1191,0.9998318
1192,0.99825686
1193,0.8613237
1194,0.9073115
1195,0.21495497
1196,0.9905299
1197,0.999292
1198,0.13148364
1199,0.99036634
1200,0.9986193
1201,0.049850702
1202,0.48028666
1203,0.544958
1204,0.90163076
1205,0.9931067
1206,0.420495
1207,0.38250676
1208,0.5942192
1209,0.46879685
1210,4.61E-05
1211,0.008158535
1212,0.993508
1213,0.003293455
1214,0.9989315
1215,0.0347535
1216,0.16594443
1217,0.039052635
1218,0.04061252
1219,1.68E-05
1220,0.6965033
1221,0.919608
1222,0.21507525
1223,0.24142277
1224,0.9936801
1225,0.5064461
1226,0.33706963
1227,0.7310334
1228,0.82578623
1229,0.96382296
1230,0.056084335
1231,0.5140266
1232,0.7192537
1233,0.9999915
1234,0.08270991
1235,0.953756
1236,0.44017524
1237,0.80976725
1238,0.9991417
1239,0.013032168
1240,0.563446
1241,0.0964981
1242,0.99786186
1243,0.026634425
1244,0.96350807
1245,0.5090004
1246,0.5105191
1247,0.14244351
1248,0.06303269
1249,0.29001263
1250,0.822513
1251,0.7708081
1252,0.54383975
1253,0.5261339
1254,0.996925
1255,0.01500392
1256,0.4151184
1257,0.87152755
1258,0.24724856
1259,0.919119
1260,4.61E-05
1261,0.9945458
1262,0.036587864
1263,0.1374706
1264,0.050515324
1265,0.98735297
1266,0.045583338
1267,0.31057268
1268,0.6636119
1269,0.8549259
1270,0.99989516
1271,0.04190874
1272,0.1846092
1273,0.3401265
1274,0.86702114
1275,0.36248097
1276,0.4445321
1277,0.53817964
1278,0.00144279
1279,0.99995065
1280,0.9999912
1281,0.36713797
1282,0.9886297
1283,0.998003
1284,0.06437674
1285,0.37039587
1286,0.004126698
1287,0.3002949
1288,0.30501473
1289,0.92045
1290,0.89359224
1291,0.000880778
1292,0.75033224
1293,0.07806036
1294,0.000296325
1295,0.073610604
1296,0.95655406
1297,0.22727016
1298,0.005789459
1299,0.000499576
1300,0.007632852
1301,0.4429538
1302,0.46656585
1303,0.6692772
1304,0.997017
1305,0.051980406
1306,0.99534565
1307,0.6042128
1308,0.9653876
1309,0.42444158
1310,0.14948395
1311,0.9999993
1312,0.06980869
1313,0.74094003
1314,0.7379929
1315,0.6657985
1316,0.3881685
1317,0.999388
1318,0.3169524
1319,0.98944825
1320,0.99020964
1321,0.7936808
1322,0.9994252
1323,0.99802524
1324,0.99050474
1325,0.53463554
1326,9.77E-05
1327,0.061549813
1328,0.5413429
1329,0.6327639
1330,0.39147848
1331,0.7798809
1332,0.076786816
1333,0.0770098
1334,0.99989426
1335,0.14886042
1336,0.9928238
1337,0.6833442
1338,0.9989262
1339,0.3115363
1340,2.61E-05
1341,0.9849328
1342,0.9354334
1343,0.6696795
1344,0.008517057
1345,0.9338033
1346,0.77124625
1347,0.30605096
1348,0.99795234
1349,0.04498732
1350,0.9931867
1351,0.9564446
1352,0.9602773
1353,0.26861042
1354,0.03646815
1355,0.1974966
1356,0.9293735
1357,0.99995637
1358,0.85068566
1359,0.98772264
1360,0.93725896
1361,0.906046
1362,0.27236068
1363,0.13397631
1364,0.9999938
1365,0.9998221
1366,0.5808973
1367,0.9410637
1368,0.3313173
1369,0.63536954
1370,0.9971535
1371,0.99965835
1372,0.69303703
1373,0.9996606
1374,0.98197067
1375,0.9546241
1376,0.9732038
1377,0.9993195
1378,0.9598914
1379,0.058392256
1380,0.024401724
1381,0.027611643
1382,0.5743921
1383,0.173258
1384,0.9284309
1385,0.6415083
1386,0.96365935
1387,0.3944585
1388,0.3005309
1389,0.60248476
1390,5.78E-06
1391,0.2740772
1392,0.993163
1393,0.9786504
1394,0.514627
1395,0.9999516
1396,0.7088874
1397,0.058315665
1398,0.7708808
1399,0.93014574
1400,0.003166378
1401,0.50291246
1402,0.001693308
1403,0.059814572
1404,0.84528637
1405,0.43029886
1406,0.99999726
1407,0.9999354
1408,0.68712527
1409,0.85155463
1410,0.11220881
1411,0.2906275
1412,0.2148475
1413,0.520059
1414,0.9993477
1415,0.5352128
1416,0.92032605
1417,0.97233343
1418,0.023723632
1419,0.7538339
1420,0.9915104
1421,0.025993198
1422,0.021947175
1423,0.7920746
1424,0.5436744
1425,0.24829325
1426,0.92146003
1427,0.848841
1428,9.95E-05
1429,0.9998855
1430,0.98067546
1431,0.6663274
1432,0.99989355
1433,0.9999989
1434,0.13179788
1435,0.00983727
1436,0.93625283
1437,0.5146647
1438,0.999876
1439,0.90021586
1440,0.9975374
1441,0.010623962
1442,0.28048426
1443,0.86643374
1444,0.9441453
1445,0.016601682
1446,0.8616835
1447,0.99365175
1448,0.53142065
1449,0.19028986
1450,0.99710166
1451,0.8061849
1452,0.91890144
1453,0.95952815
1454,0.000333428
1455,0.99244004
1456,0.7474451
1457,0.1445199
1458,0.71781194
1459,0.46121532
1460,0.99786025
1461,0.60979635
1462,0.051911652
1463,0.057744473
1464,0.50643265
1465,0.83134794
1466,0.9964427
1467,0.010216147
1468,0.9793141
1469,0.18333718
1470,0.010594785
1471,0.84898496
1472,0.9713484
1473,0.99582046
1474,0.9927505
1475,0.60180396
1476,0.32142192
1477,0.3186569
1478,0.79087335
1479,0.07154438
1480,0.001451403
1481,0.8440189
1482,0.9327161
1483,0.14440846
1484,0.6333796
1485,0.9999028
1486,0.9575075
1487,0.001525492
1488,0.7754204
1489,0.9570224
1490,0.9940823
1491,0.03382784
1492,0.9922335
1493,0.55224377
1494,0.119417995
1495,0.057961345
1496,0.11887702
1497,0.53315616
1498,0.96423936
1499,0.51668257
1500,0.022205621
1501,0.94245684
1502,0.44000107
1503,0.42021585
1504,0.9874428
1505,0.000620544
1506,0.49716246
1507,0.05156356
1508,0.41851103
1509,0.9949392
1510,0.6592022
1511,0.37107652
1512,0.6483557
1513,0.9931116
1514,0.012140751
1515,0.99753577
1516,0.000275433
1517,0.9999807
1518,0.008237153
1519,4.03E-05
1520,0.6821927
1521,0.09638205
1522,0.3981306
1523,0.16481784
1524,0.5690758
1525,0.47402737
1526,0.9700314
1527,0.9766556
1528,0.9984652
1529,0.36170077
1530,0.9979112
1531,0.02458939
1532,0.11874944
1533,0.08873212
1534,0.8646923
1535,0.9992499
1536,0.5290053
1537,0.012724787
1538,0.9917921
1539,0.049788505
1540,0.8211514
1541,0.1598593
1542,0.026343495
1543,0.19699678
1544,0.048609853
1545,0.36152917
1546,0.82328916
1547,0.27206033
1548,0.4716454
1549,0.9628518
1550,0.5031924
1551,0.99987733
1552,0.00029403
1553,0.85793793
1554,0.9515705
1555,0.09751317
1556,0.8306116
1557,0.001262546
1558,0.37145296
1559,0.9767283
1560,1
1561,0.68580055
1562,0.9987074
1563,0.060063273
1564,0.99996614
1565,0.026837975
1566,0.99899817
1567,0.9919809
1568,0.1975806
1569,0.53511566
1570,0.07722759
1571,0.9938495
1572,0.667671
1573,0.02200973
1574,0.9333811
1575,0.9816445
1576,0.064326435
1577,8.69E-05
1578,0.21567684
1579,0.9641752
1580,0.20605972
1581,0.010881782
1582,0.7901058
1583,0.27500427
1584,0.8563866
1585,0.9978516
1586,0.2955562
1587,0.0307931
1588,0.9943685
1589,3.16E-06
1590,0.3119393
1591,0.20054725
1592,0.01934281
1593,0.9999999
1594,0.107861996
1595,0.7418873
1596,0.9999249
1597,0.9817718
1598,0.93867743
1599,0.9088923
1600,0.9943685
1601,0.99992704
1602,0.121518165
1603,0.06354168
1604,0.006312609
1605,0.003789157
1606,0.6967399
1607,0.661415
1608,0.9557513
1609,0.7050282
1610,0.97041345
1611,0.943203
1612,0.99189806
1613,0.119151264
1614,0.016042858
1615,0.108783364
1616,0.8600164
1617,7.03E-06
1618,0.20185721
1619,0.000813514
1620,0.89515996
1621,0.7352197
1622,0.2113289
1623,0.5441408
1624,0.11092743
1625,0.968807
1626,0.2570029
1627,0.7106861
1628,0.18103483
1629,0.2648997
1630,0.4208402
1631,0.5988692
1632,0.00093767
1633,0.6192182
1634,0.000731766
1635,0.95254046
1636,0.9229777
1637,0.12216136
1638,0.003761292
1639,0.17407286
1640,0.47005212
1641,0.9817718
1642,0.9913564
1643,0.013232887
1644,0.99863434
1645,0.42608708
1646,0.06257567
1647,0.96315634
1648,0.38847095
1649,0.89703393
1650,0.9999974
1651,0.98582315
1652,0.06751123
1653,0.07635394
1654,0.67799276
1655,0.010173142
1656,0.30898497
1657,0.38205078
1658,0.99894494
1659,0.44269475
1660,0.5497557
1661,0.2691525
1662,0.8550751
1663,0.999312
1664,0.001187384
1665,0.99710584
1666,0.9863596
1667,0.09677774
1668,0.8309486
1669,0.004752904
1670,0.7209017
1671,0.15449524
1672,0.9610459
1673,0.9983532
1674,0.075448334
1675,0.9513235
1676,0.2343199
1677,0.9998847
1678,0.07567552
1679,0.987463
1680,0.60097
1681,0.7334432
1682,0.8870214
1683,0.39723304
1684,0.6202388
1685,0.19100198
1686,0.00270614
1687,0.9974568
1688,0.99982786
1689,0.8943243
1690,0.9999999
1691,0.035034806
1692,0.537824
1693,0.28411013
1694,0.39730197
1695,0.2672007
1696,0
1697,0.9052113
1698,0.41582584
1699,0.42201856
1700,0.09766662
1701,0.07925713
1702,0.43735263
1703,0.000597358
1704,0.99366546
1705,0.02191186
1706,0.8563751
1707,0.973544
1708,0.32052112
1709,0.74658823
1710,0.7783394
1711,0.2847805
1712,0.91638696
1713,0.054527134
1714,0.18977985
1715,0.026915252
1716,0.8486103
1717,0.023670048
1718,0.3196498
1719,0.87222433
1720,0.2376945
1721,0.15587905
1722,0.9992668
1723,0.86535764
1724,0.5356931
1725,0.14318427
1726,0.027872473
1727,0.8941387
1728,0.042465955
1729,0.98820597
1730,0.64118016
1731,0.0013116
1732,0.94762933
1733,0.93092096
1734,0.18986452
1735,0.021588117
1736,0.27895305
1737,0.93058944
1738,0.068452895
1739,0.02308312
1740,0.5771253
1741,0.055601
1742,0.33676267
1743,0.02475363
1744,0.94964576
1745,0.9992236
1746,0.78934705
1747,0.2832321
1748,0.38992092
1749,0.69317186
1750,0.99379075
1751,0.91138417
1752,0.90160644
1753,0.8901508
1754,0.001094461
1755,0.9005541
1756,0.59941876
1757,0.04970771
1758,0.8925429
1759,0.44200492
1760,0.2689475
1761,0.53597313
1762,0.038577974
1763,0.19457415
1764,0.8312974
1765,0.69743615
1766,0.97268593
1767,0.6081975
1768,0.1698919
1769,0.09232241
1770,0.00085637
1771,0.059466958
1772,0.00017333
1773,0.9634254
1774,0.99989605
1775,0.12639251
1776,0.98871887
1777,0.09195611
1778,0.9982636
1779,0.028360575
1780,0.5832981
1781,3.73E-05
1782,0.006897599
1783,0.9999094
1784,0.12490988
1785,0.03843105
1786,0.000382841
1787,0.38153225
1788,0.99260664
1789,0.9999913
1790,0.9827517
1791,0.90688765
1792,0.5764732
1793,0.84324145
1794,0.66407025
1795,0.99961436
1796,0.97265255
1797,0.90622747
1798,0.9005846
1799,0.0255737
1800,0.109761775
1801,0.99999976
1802,0.986874
1803,0.6384635
1804,0.9988322
1805,0.8462236
1806,0.10602218
1807,0.9999777
1808,0.2925086
1809,0.9974718
1810,0.21403623
1811,0.9901115
1812,0.028068662
1813,0.12080249
1814,0.81770575
1815,0.058088988
1816,0.9204755
1817,0.024240732
1818,1
1819,0.98534846
1820,0.99834764
1821,0.9559581
1822,0.8487562
1823,0.09039435
1824,0.074549794
1825,0.34402445
1826,0.001663238
1827,0.012740284
1828,0.98439896
1829,0.88449824
1830,0.20464197
1831,0.3330286
1832,0.94303334
1833,0.8351176
1834,0.328035
1835,0.5205015
1836,0.7409272
1837,0.99973875
1838,0.29800034
1839,0.002264351
1840,0.030764937
1841,2.68E-07
1842,0.99585986
1843,0.9418242
1844,0.002082646
1845,0.84361684
1846,0.94830847
1847,0.36665523
1848,0.8653891
1849,0.53056246
1850,0.81459194
1851,0.34668234
1852,0.9961025
1853,0.58953995
1854,0.2365301
1855,0.5797833
1856,0.9986767
1857,0.24693671
1858,0.09765184
1859,0.002519846
1860,0.9842478
1861,0.999999
1862,0.9982134
1863,0.008992463
1864,0.88096184
1865,0.8258691
1866,0.9897027
1867,0.71274185
1868,0.7229176
1869,0.4043219
1870,0.9096926
1871,0.8699039
1872,0.5517357
1873,0.9825531
1874,0.9963193
1875,0.000617445
1876,0.21918172
1877,0.9969071
1878,0.9994247
1879,0.9998366
1880,0.93048763
1881,0.10569242
1882,0.13091293
1883,0.62325203
1884,0.978204
1885,0.9990865
1886,0.99988586
1887,0.9612776
1888,0.74328697
1889,0.01057449
1890,0.5399115
1891,0.020775914
1892,0.6867756
1893,0.36078835
1894,0.9904245
1895,0.725591
1896,0.026390553
1897,0.9999785
1898,0.9022641
1899,0.9926366
1900,0.9937977
1901,0.017728806
1902,0.9997256
1903,0.25232714
1904,0.5596225
1905,1
1906,0.34869936
1907,0.67796886
1908,0.389121
1909,0.999881
1910,0.4909734
1911,0.55212396
1912,0.10009256
1913,0.78702784
1914,0.96769786
1915,0.3709189
1916,0.13057429
1917,0.89069927
1918,0.24529308
1919,0.2460804
1920,0.9931114
1921,0.9112673
1922,0.99820113
1923,0.7840158
1924,0.9985718
1925,0.9941472
1926,0.0234811
1927,0.689112
1928,0.97686744
1929,0.18512014
1930,0.4389256
1931,0.09475526
1932,0.13408756
1933,0.22760764
1934,0.9901396
1935,0.96195924
1936,0.999892
1937,0.008519232
1938,0.002039939
1939,0.06780112
1940,0.7601594
1941,0.61313045
1942,0.88607365
1943,0.9554317
1944,0.003498286
1945,0.9937455
1946,0.14057612
1947,0.99997854
1948,0.9028758
1949,0.9826203
1950,0.8134439
1951,0.9866653
1952,0.6812568
1953,0.033171713
1954,0.002498418
1955,0.29615766
1956,0.99539804
1957,0.9612997
1958,0.27214366
1959,0.9840323
1960,0.7429909
1961,0.00335139
1962,0.99464476
1963,0.12649247
1964,0.8953632
1965,0.15076652
1966,0.3578508
1967,0.41827083
1968,0.3081741
1969,0.9940871
1970,0.04333815
1971,0.5262725
1972,0.9652892
1973,0.99923706
1974,0.2527886
1975,0.96907556
1976,0.99988425
1977,0.36983126
1978,0.08044967
1979,0.330675
1980,0.7279965
1981,0.99555606
1982,0.9260676
1983,0.9295261
1984,0.9994627
1985,0.10347456
1986,0.31074923
1987,0.7890886
1988,0.29869878
1989,0.9984349
1990,0.015677482
1991,0.5776949
1992,0.69990015
1993,0.99967194
1994,0.328474
1995,0.9830307
1996,0.13230374
1997,0.9995104
1998,0.5269158
1999,0.89043546
2000,0.99243414
2001,0.19766933
2002,9.82E-05
2003,0.9839653
2004,0.19932264
2005,0.13629398
2006,0.06409171
2007,0.49738827
2008,0.99264246
2009,0.73235893
2010,0.9997983
2011,0.90890026
2012,0.050622284
2013,0.29583445
2014,0.002206206
2015,0.2598784
2016,0.11982134
2017,0.5336789
2018,0.7377691
2019,0.63300526
2020,0.7244927
2021,0.99973
2022,0.002891541
2023,0.6603284
2024,0.10145494
2025,0.9995822
2026,0.9999654
2027,0.6287407
2028,0.9888946
2029,0.080385
2030,0.9995772
2031,0.24553111
2032,0.9998536
2033,0.82328975
2034,0.99929863
2035,0.6364453
2036,0.074760675
2037,0.00451085
2038,0.012545437
2039,0.9435611
2040,0.98210484
2041,0.9950568
2042,0.069618225
2043,0.7872398
2044,0.9777825
2045,0.10334632
2046,0.9973304
2047,0.81428945
2048,0.9989151
2049,0.004332036
2050,0.046377927
2051,0.000166655
2052,0.7125004
2053,0.108400345
2054,0.19278699
2055,0.080005646
2056,0.994684
2057,0.3756329
2058,0.9999455
2059,0.9997249
2060,0.9937344
2061,0.9980644
2062,0.13281333
2063,0.99950373
2064,0.701216
2065,1.32E-05
2066,0.95210385
2067,0.11191198
2068,0.5130019
2069,0.3709917
2070,0.06287745
2071,0.4621441
2072,0.98506904
2073,0.6932832
2074,0.34860653
2075,0.40205717
2076,0.43850023
2077,0.14326304
2078,0.6226288
2079,0.99824464
2080,0.10683614
2081,0.082766175
2082,0.9830307
2083,0.06593394
2084,0.19147196
2085,0.9774889
2086,0.002017647
2087,0.89848155
2088,0.74432325
2089,0.77807117
2090,0.005669057
2091,0.9970133
2092,0.54499054
2093,0.000102222
2094,0.7777891
2095,0.0288966
2096,0.90673804
2097,0.99990577
2098,0.8337513
2099,0.86600876
2100,0.3033678
2101,0.000371754
2102,0.67089075
2103,0.17878601
2104,0.44521543
2105,0.98554647
2106,0.99974877
2107,0.06970954
2108,0.5207068
2109,0.023792386
2110,0.9986508
2111,0.7478398
2112,0.12811625
2113,0.32879052
2114,0.1694279
2115,0.45114708
2116,0.044754505
2117,0.03275439
2118,0.35909775
2119,0.98964065
2120,0.40443638
2121,0.8059712
2122,0.112534404
2123,0.113559395
2124,0.9848155
2125,0.3057515
2126,0.28353122
2127,0.70110226
2128,0.9145085
2129,0.99947107
2130,0.9932776
2131,0.046254903
2132,0.20093697
2133,0.90856725
2134,0.4182375
2135,0.45697576
2136,0.16479722
2137,0.94723845
2138,0.9946501
2139,0.003365755
2140,0.99990463
2141,0.002964884
2142,0.13755083
2143,0.9302094
2144,0.988151
2145,0.34636846
2146,0.13570523
2147,0.9999159
2148,0.018379688
2149,0.95208
2150,0.002398968
2151,0.12276691
2152,0.000846744
2153,0.8197129
2154,0.9726783
2155,0.91929674
2156,0.93097746
2157,0.5411436
2158,0.6956098
2159,0.19924533
2160,0.067756385
2161,0.9975895
2162,0.99685574
2163,0.8329294
2164,0.057388693
2165,0.9962481
2166,0.99570763
2167,0.270235
2168,0.94192624
2169,0.28796858
2170,0.94336355
2171,0.000788957
2172,0.9840374
2173,0.9998263
2174,0.98912466
2175,0.250197
2176,0.97762465
2177,0.17876157
2178,0.93593776
2179,0.001200944
2180,0.2337994
2181,0.004889578
2182,0.31318006
2183,0.6310819
2184,0.046377927
2185,0.8902409
2186,0.013905704
2187,0.001652718
2188,0
2189,0.11668557
2190,0.9991007
2191,0.061616004
2192,0.24438435
2193,0.07394019
2194,0.7730644
2195,0.031071633
2196,0.9999115
2197,0.07790527
2198,0.9999976
2199,0.006896853
2200,0.3105284
2201,0.9864589
2202,0.038099706
2203,0.93439054
2204,0.109793365
2205,0.99994683
2206,0.81634605
2207,0.6308439
2208,0.84979165
2209,0.3496331
2210,0.1262759
2211,0.013107151
2212,0.99186796
2213,0.7334764
2214,0.9999894
2215,0.95496655
2216,0.99943745
2217,0.88802224
2218,0.41816747
2219,0.99999595
2220,0.3205734
2221,0.2665077
2222,0.006788969
2223,0.002387375
2224,0.9856104
2225,0.6016599
2226,0.500524
2227,0.9962
2228,0.8855844
2229,0.9573282
2230,0.12749967
2231,0.97438115
2232,0.11963463
2233,0.0447298
2234,0.99961996
2235,0.9999786
2236,0.04911855
2237,0.9999663
2238,0.7016582
2239,0.079482645
2240,2.73E-05
2241,0.99570936
2242,0.7326105
2243,0.99959886
2244,0.000352353
2245,0.43475124
2246,0.9170004
2247,0.9772956
2248,0.06629479
2249,0.99838674
2250,0.77151537
2251,0.6280593
2252,0.12743798
2253,0.4449121
2254,0.022600085
2255,0.058512896
2256,0.88442874
2257,0.82095253
2258,0.3547197
2259,0.18290108
2260,0.7868907
2261,0.49608383
2262,0.33825478
2263,0.008073121
2264,0.8698531
2265,0.9856723
2266,0.021073818
2267,0.3167877
2268,0.94680816
2269,0.46596667
2270,0.000154585
2271,0.46937296
2272,0.015480667
2273,0.29219705
2274,0.04815638
2275,0.9998968
2276,0.019127458
2277,0.8736454
2278,0.001523644
2279,0.023413897
2280,0.57650226
2281,0.00318259
2282,0.007782847
2283,0.102146566
2284,0.99929523
2285,0.67323875
2286,0.048502922
2287,0.99160445
2288,0.99685574
2289,0.008452177
2290,0.9974047
2291,0.1384992
2292,0.99364746
2293,0.83975106
2294,0.002910197
2295,0.99157
2296,0.04321763
2297,0.34599227
2298,0.21469298
2299,0.9888412
2300,0.9817718
2301,0.8094896
2302,0.9503081
2303,0.81692564
2304,7.73E-05
2305,0.99999744
2306,0.9503215
2307,0.7602519
2308,0.9717736
2309,0.9291241
2310,0.13331544
2311,0.003381819
2312,0.000644773
2313,1.63E-05
2314,0.5419511
2315,0.6435767
2316,0.15036267
2317,0.29054165
2318,0.4511317
2319,0.8515748
2320,0.9959935
2321,0.90015656
2322,0.97897744
2323,0.002910197
2324,0.39182293
2325,0.35715908
2326,0.99685574
2327,0.17723799
2328,0.6926625
2329,0.08352396
2330,0.1164968
2331,0.96618325
2332,0.01749006
2333,0.8719274
2334,0.008933485
2335,0.99997467
2336,0.963321
2337,0.99380153
2338,0.25806248
2339,0.24865124
2340,0.11957273
2341,0.10622454
2342,0.94345814
2343,0.25378177
2344,0.6412292
2345,0.018738538
2346,0.8683952
2347,0.9976062
2348,0.048564374
2349,0.52210635
2350,0.016788125
2351,0.055046022
2352,0.13925985
2353,0.7901058
2354,0.8260677
2355,0.99089825
2356,0.28960374
2357,0.9744501
2358,0.99907523
2359,0.12958908
2360,0.7975392
2361,0.008499354
2362,0.56771666
2363,0.19587845
2364,0.5975976
2365,0.8402332
2366,0.7496157
2367,0.9999923
2368,0.9147881
2369,0.9327336
2370,0.13278076
2371,0.7662196
2372,0.7211368
2373,0.99285185
2374,0.08763349
2375,0.40220335
2376,0.008954883
2377,0.37958148
2378,0.6001502
2379,0.5641086
2380,0.08046186
2381,0.00278306
2382,0.9359075
2383,0.9668639
2384,0.4877705
2385,0.9171511
2386,0.545707
2387,0.43817973
2388,0.9979839
2389,0.46134675
2390,0.9897263
2391,0.000268757
2392,0.8507153
2393,0.63645154
2394,5.96E-08
2395,0.9125238
2396,0.66277266
2397,0.21990886
2398,1
2399,0.012975156
2400,0.28344053
2401,0.4498641
2402,0.9952129
2403,0.059226364
2404,0.31237447
2405,0.89221776
2406,0.44774002
2407,0.8843652
2408,0.018339813
2409,0.9159996
2410,0.7070644
2411,0.032236934
2412,0.14626119
2413,0.033350617
2414,0.8808806
2415,0.7895199
2416,0.079526454
2417,0.7108479
2418,0.4790067
2419,0.29091945
2420,0.00400722
2421,0.024542004
2422,0.9912903
2423,0.19366148
2424,0.97919
2425,0.99218744
2426,0.5638621
2427,0.9971788
2428,0.07382518
2429,0.9412838
2430,0.417634
2431,0.28615308
2432,0.008619249
2433,0.96302307
2434,0
2435,0.9999994
2436,0.99575865
2437,0.16785666
2438,0.959314
2439,0.0881919
2440,0.84055793
2441,0.70610297
2442,0.9086698
2443,0.63381284
2444,0.006908298
2445,0.98414207
2446,0.91776896
2447,0.995244
2448,0.012123764
2449,0.9999939
2450,0.06537628
2451,0.002922893
2452,0.9657918
2453,0.4364506
2454,0.002590388
2455,0.9999734
2456,0.40557107
2457,0.45065865
2458,0.5603414
2459,0.99174434
2460,0.2459071
2461,0.99998045
2462,1.05E-05
2463,4.38E-05
2464,0.92098475
2465,0.77268267
2466,0.6424494
2467,0.95704377
2468,0.004398644
2469,0.097193
2470,0.1460239
2471,0.1271787
2472,0.015295893
2473,0.99999535
2474,0.11094263
2475,0.35940868
2476,0.7066996
2477,0.9978134
2478,0.11868948
2479,0.6776453
2480,0.9435376
2481,0.033300906
2482,0.6624321
2483,0.9960451
2484,0.011839092
2485,0.04465899
2486,0.9919536
2487,0.03656
2488,0.9395273
2489,0.19126508
2490,0.9752318
2491,0.99999285
2492,0.9943056
2493,0.66458714
2494,0.9421718
2495,0.02230677
2496,0.9452865
2497,0.020981193
2498,0.99725544
2499,0.87857103
2500,0.9824744
2501,0.8215624
2502,0.24844351
2503,0.3856581
2504,0.9985774
2505,0.9998417
2506,0.03818381
2507,0.9270062
2508,0.4545878
2509,0.03531584
2510,0.84595907
2511,0.011271477
2512,0.90807617
2513,0.1930233
2514,0.76816124
2515,0.011935025
2516,0.51206917
2517,0.9565922
2518,0.99999875
2519,0.9996618
2520,2.10E-05
2521,0.97931194
2522,0.4035905
2523,0.003818274
2524,0.031764477
2525,0.2899379
2526,0.9987389
2527,0.16892856
2528,0.99479926
2529,0.023674607
2530,0.9647112
2531,0.9501319
2532,0.02718246
2533,0.9943111
2534,0.013280839
2535,0.9999995
2536,0.1678777
2537,0.085449874
2538,0.11373845
2539,0.41202128
2540,0.99390924
2541,0.9994459
2542,0.5360458
2543,0.9877398
2544,0.7771003
2545,0.017133206
2546,0.006043524
2547,0.82229984
2548,0.9685486
2549,0.8392856
2550,0.99712026
2551,0.8675654
2552,0.9911786
2553,0.99953234
2554,0.11911157
2555,0.13207152
2556,0.88504505
2557,0.99997497
2558,0.7336546
2559,0.94293714
2560,0.22331947
2561,0.8435738
2562,0.014833897
2563,0.975207
2564,0.00193587
2565,0.03610143
2566,0.4801809
2567,0.8013176
2568,0.99997777
2569,0.9022987
2570,0.30345085
2571,0.52249295
2572,0.98719335
2573,0.81378496
2574,0.25244868
2575,0.41826606
2576,0.99999356
2577,0.044953972
2578,0.90747416
2579,0.8309026
2580,0.7959182
2581,0.000528127
2582,0.058846503
2583,0.20487788
2584,0.7967553
2585,0.09949133
2586,0.7175765
2587,0.001305044
2588,0.14339966
2589,0.7623544
2590,0.7858851
2591,0.4739712
2592,0.5919179
2593,0.999612
2594,0.90212333
2595,0.13848689
2596,0.5498515
2597,0.9155116
2598,0.99999934
2599,0.001344562
2600,0.05064851
2601,0.99578714
2602,0.9997399
2603,0.06802824
2604,0.997301
2605,0.8841288
2606,0.9999429
2607,0.98912823
2608,0.95061684
2609,0.94141245
2610,0.63700235
2611,0.6390829
2612,0.54129124
2613,0.087592006
2614,0.5547305
2615,0.042916775
2616,0.013957202
2617,0.9264036
2618,0.17463371
2619,0.99649847
2620,0.9975165
2621,0.19279903
2622,0.62057954
2623,0.9518082
2624,0.8866951
2625,0.2410388
2626,0.9995575
2627,0.6388719
2628,0.8230757
2629,0.048765033
2630,0.98781395
2631,0.78401875
2632,0.18064955
2633,0.99997354
2634,0.9379841
2635,0.90283996
2636,0.9999055
2637,0.93377304
2638,0.9980359
2639,0.002731681
2640,0.002166569
2641,0.16512749
2642,0.9226593
2643,0.052083284
2644,0.8957865
2645,0.98824716
2646,0.8695755
2647,0.00644657
2648,0.19526184
2649,0.14367557
2650,0.066618055
2651,0.011985421
2652,0.4635756
2653,0.21893245
2654,0.95715904
2655,0.99970466
2656,0.13908452
2657,0.992406
2658,0.52405846
2659,0.9967202
2660,0.21599478
2661,0.01787591
2662,0.9796517
2663,0.9999999
2664,0.83298403
2665,0.002716392
2666,0.9999995
2667,0.25661752
2668,0.99990153
2669,0.44490093
2670,0.22516653
2671,0.9999999
2672,0.99991864
2673,0.6714821
2674,0.9999939
2675,0.9737274
2676,0.07242486
2677,0.86231315
2678,0.9808241
2679,0.93625283
2680,0.76942915
2681,0.8812114
2682,0.94680816
2683,0.34999233
2684,0.47591132
2685,0.99985945
2686,0.00288713
2687,0.979653
2688,0.9933075
2689,0.86600786
2690,0.7970586
2691,0.3980018
2692,0.15173191
2693,0.8751305
2694,0.35681158
2695,0.008095712
2696,0.9801806
2697,0.05328387
2698,0.9260832
2699,0.16544402
2700,0.9999994
2701,0.97121674
2702,0.07237601
2703,0.9998923
2704,0.94025373
2705,0.9940298
2706,0.6200691
2707,0.9895355
2708,0.63051677
2709,0.26205564
2710,0.9447241
2711,0.6363161
2712,0.99999964